DistanceNm,DWT,Fuel_tonnes,y_true_CO2,y_pred_CO2
136.0,7.15,2246.0,5916.3,5360.744828333336
1763.0,9.48,1759.24,5543.14,5153.2898166666555
1167.0,11.73,1773.98,5687.4,5296.986533333325
430.0,6.22,2794.54,6204.04,5625.9160550000015
